{
  "timestamp": "2025-08-19T04:38:49.044Z",
  "runs": 5,
  "bundleMetrics": {
    "off": {
      "totalFiles": 1,
      "totalSize": 149963,
      "totalSizeKB": 146.45,
      "files": [
        {
          "name": "index.8e37a18b.js",
          "size": 149963,
          "sizeKB": 146.45
        }
      ]
    },
    "on": {
      "totalFiles": 1,
      "totalSize": 150179,
      "totalSizeKB": 146.66,
      "files": [
        {
          "name": "index.806bf879.js",
          "size": 150179,
          "sizeKB": 146.66
        }
      ]
    }
  },
  "browserMetrics": {
    "off": {
      "statistics": {
        "loadTime": {
          "average": 0,
          "standardDeviation": 0,
          "p50": 0,
          "p90": 0,
          "min": 0,
          "max": 0
        },
        "parseTime": {
          "average": 0,
          "standardDeviation": 0,
          "p50": 0,
          "p90": 0,
          "min": 0,
          "max": 0
        },
        "executeTime": {
          "average": 1325.5800000190734,
          "standardDeviation": 1.8115187343057213,
          "p50": 1326.4000000953674,
          "p90": 1327.1200000286103,
          "min": 1322.2999999523163,
          "max": 1327.2000000476837
        },
        "totalLoadTime": {
          "average": null,
          "standardDeviation": null,
          "p50": null,
          "p90": null,
          "min": null,
          "max": null
        },
        "firstPaint": {
          "average": 928.8,
          "standardDeviation": 446.4215048583569,
          "p50": 1148,
          "p90": 1156.8,
          "min": 36,
          "max": 1160
        },
        "firstContentfulPaint": {
          "average": 928.8,
          "standardDeviation": 446.4215048583569,
          "p50": 1148,
          "p90": 1156.8,
          "min": 36,
          "max": 1160
        },
        "resourceCount": {
          "average": 1,
          "standardDeviation": 0,
          "p50": 1,
          "p90": 1,
          "min": 1,
          "max": 1
        },
        "totalResourceTime": {
          "average": 1.9200000286102294,
          "standardDeviation": 1.4413882418368227,
          "p50": 1.2000000476837158,
          "p90": 3.4000000715255743,
          "min": 1.100000023841858,
          "max": 4.800000071525574
        },
        "averageResourceTime": {
          "average": 1.9200000286102294,
          "standardDeviation": 1.4413882418368227,
          "p50": 1.2000000476837158,
          "p90": 3.4000000715255743,
          "min": 1.100000023841858,
          "max": 4.800000071525574
        },
        "jsHeapSize": {
          "average": 10000000,
          "standardDeviation": 0,
          "p50": 10000000,
          "p90": 10000000,
          "min": 10000000,
          "max": 10000000
        },
        "jsHeapSizeLimit": {
          "average": 3760000000,
          "standardDeviation": 0,
          "p50": 3760000000,
          "p90": 3760000000,
          "min": 3760000000,
          "max": 3760000000
        },
        "featureExecutionTime": {
          "average": 1325.5800000190734,
          "standardDeviation": 1.8115187343057213,
          "p50": 1326.4000000953674,
          "p90": 1327.1200000286103,
          "min": 1322.2999999523163,
          "max": 1327.2000000476837
        },
        "totalTime": {
          "average": 3481.6,
          "standardDeviation": 6.681317235396026,
          "p50": 3477,
          "p90": 3490,
          "min": 3475,
          "max": 3492
        }
      },
      "averages": {
        "loadTime": 0,
        "parseTime": 0,
        "executeTime": 1325.5800000190734,
        "totalLoadTime": null,
        "firstPaint": 928.8,
        "firstContentfulPaint": 928.8,
        "resourceCount": 1,
        "totalResourceTime": 1.9200000286102294,
        "averageResourceTime": 1.9200000286102294,
        "jsHeapSize": 10000000,
        "jsHeapSizeLimit": 3760000000,
        "featureExecutionTime": 1325.5800000190734,
        "totalTime": 3481.6
      },
      "all": [
        {
          "loadTime": 0,
          "parseTime": 0,
          "executeTime": 1327.2000000476837,
          "totalLoadTime": null,
          "firstPaint": 36,
          "firstContentfulPaint": 36,
          "resourceCount": 1,
          "totalResourceTime": 4.800000071525574,
          "averageResourceTime": 4.800000071525574,
          "jsHeapSize": 10000000,
          "jsHeapSizeLimit": 3760000000,
          "featureExecutionTime": 1327.2000000476837,
          "totalTime": 3492,
          "userAgent": "Mozilla/5.0 (Macintosh; Intel Mac OS X 10_15_7) AppleWebKit/537.36 (KHTML, like Gecko) HeadlessChrome/139.0.7258.5 Safari/537.36",
          "mode": "off",
          "timestamp": "2025-08-19T04:38:16.596Z"
        },
        {
          "loadTime": 0,
          "parseTime": 0,
          "executeTime": 1326.4000000953674,
          "totalLoadTime": null,
          "firstPaint": 1148,
          "firstContentfulPaint": 1148,
          "resourceCount": 1,
          "totalResourceTime": 1.2000000476837158,
          "averageResourceTime": 1.2000000476837158,
          "jsHeapSize": 10000000,
          "jsHeapSizeLimit": 3760000000,
          "featureExecutionTime": 1326.4000000953674,
          "totalTime": 3477,
          "userAgent": "Mozilla/5.0 (Macintosh; Intel Mac OS X 10_15_7) AppleWebKit/537.36 (KHTML, like Gecko) HeadlessChrome/139.0.7258.5 Safari/537.36",
          "mode": "off",
          "timestamp": "2025-08-19T04:38:20.240Z"
        },
        {
          "loadTime": 0,
          "parseTime": 0,
          "executeTime": 1325,
          "totalLoadTime": null,
          "firstPaint": 1148,
          "firstContentfulPaint": 1148,
          "resourceCount": 1,
          "totalResourceTime": 1.100000023841858,
          "averageResourceTime": 1.100000023841858,
          "jsHeapSize": 10000000,
          "jsHeapSizeLimit": 3760000000,
          "featureExecutionTime": 1325,
          "totalTime": 3477,
          "userAgent": "Mozilla/5.0 (Macintosh; Intel Mac OS X 10_15_7) AppleWebKit/537.36 (KHTML, like Gecko) HeadlessChrome/139.0.7258.5 Safari/537.36",
          "mode": "off",
          "timestamp": "2025-08-19T04:38:23.889Z"
        },
        {
          "loadTime": 0,
          "parseTime": 0,
          "executeTime": 1327,
          "totalLoadTime": null,
          "firstPaint": 1160,
          "firstContentfulPaint": 1160,
          "resourceCount": 1,
          "totalResourceTime": 1.1999999284744263,
          "averageResourceTime": 1.1999999284744263,
          "jsHeapSize": 10000000,
          "jsHeapSizeLimit": 3760000000,
          "featureExecutionTime": 1327,
          "totalTime": 3487,
          "userAgent": "Mozilla/5.0 (Macintosh; Intel Mac OS X 10_15_7) AppleWebKit/537.36 (KHTML, like Gecko) HeadlessChrome/139.0.7258.5 Safari/537.36",
          "mode": "off",
          "timestamp": "2025-08-19T04:38:27.541Z"
        },
        {
          "loadTime": 0,
          "parseTime": 0,
          "executeTime": 1322.2999999523163,
          "totalLoadTime": null,
          "firstPaint": 1152,
          "firstContentfulPaint": 1152,
          "resourceCount": 1,
          "totalResourceTime": 1.3000000715255737,
          "averageResourceTime": 1.3000000715255737,
          "jsHeapSize": 10000000,
          "jsHeapSizeLimit": 3760000000,
          "featureExecutionTime": 1322.2999999523163,
          "totalTime": 3475,
          "userAgent": "Mozilla/5.0 (Macintosh; Intel Mac OS X 10_15_7) AppleWebKit/537.36 (KHTML, like Gecko) HeadlessChrome/139.0.7258.5 Safari/537.36",
          "mode": "off",
          "timestamp": "2025-08-19T04:38:31.187Z"
        }
      ]
    },
    "on": {
      "statistics": {
        "loadTime": {
          "average": 0,
          "standardDeviation": 0,
          "p50": 0,
          "p90": 0,
          "min": 0,
          "max": 0
        },
        "parseTime": {
          "average": 0.020000004768371583,
          "standardDeviation": 0.04000000953674317,